Event Verticals,Description
Academic,
"Fine Art, Crafts",
Advertising,
"Food, Beverage",
"Agriculture, Forestry, Fishery",
"Freight, Logistics, Transportation",
Architecture & Design,
Government,
Auto,
Health & Wellness,
"B2B Services, Tech",
Home,
"Baby, Children, Maternity",
Hospitality,
"Banking, Finance",
Industrial Engineering,
Beauty,
IT,
"Building, Construction, Real Estate",
"Medical, Dental, Pharma",
Consumer Misc,
Pets,
Education,
"Power, Energy",
"Electronics, Tech",
"Print, Packaging, Graphics",
"Engineering, Manufacturing",
"Science, Research",
"Entertainment, Media",
"Security, Defense",
"Environment, Waste",
Sports,
Erotica,
Telecommunication,
"Fashion, Textiles, Jewelry",
"Travel, Tourism",
